{"cameraMode":{"drawMode":0,"name":"Shaded","section":"Shading Mode"},"sceneLighting":true,"audioPlay":false,"sceneViewState":{"showFog":false,"showMaterialUpdate":false,"showSkybox":false,"showFlares":false,"showImageEffects":false,"showParticleSystems":false},"in2DMode":false,"pivot":{"x":-1.0396919250488282,"y":1.0498046875,"z":-0.994140625},"rotation":{"x":-0.14677774906158448,"y":-0.0023764590732753278,"z":0.00035557703813537955,"w":-0.9891723990440369},"size":4.651522159576416,"orthographic":true}