{"cameraMode":{"drawMode":0,"name":"Shaded","section":"Shading Mode"},"sceneLighting":true,"audioPlay":false,"sceneViewState":{"showFog":true,"showMaterialUpdate":false,"showSkybox":true,"showFlares":true,"showImageEffects":true,"showParticleSystems":true},"in2DMode":false,"pivot":{"x":-1.7871813774108887,"y":-0.5942065715789795,"z":1.3966774940490723},"rotation":{"x":0.040370527654886249,"y":0.07636278122663498,"z":-0.003094390733167529,"w":0.9962579607963562},"size":4.675602436065674,"orthographic":false}